"","ProbeID","VARIANT","Chr","BP","OtherAlleleB","CodedAlleleA","MAF","MAC","CAF","HWE","Info","Imputation","N","Distance_VARIANT_CpG","Strand","Chr_CpG","BP_CpG","ProbeType","GeneName_UCSC","AccessionID_UCSC","GeneGroup_UCSC","CpG_Island_Relation_UCSC","Phantom","DMR","Enhancer","HMM_Island","RegulatoryFeatureName","RegulatoryFeatureGroup","DHS","Beta","SE","Nominal_P","Perm_P","ApproxPerm_P","Bonferroni","BenjHoch","Q"
"1","cg18361445","rs140541063:38666372:AG:A",4,38666372,"AG","A",0.11692,336.49576,0.11692043085476,0.156812,0.972627,"imputed",1439,2,"-",4,38666374,"I","KLF3;FLJ13197","NM_016531;NR_026804","5'UTR;TSS200","Island",NA,NA,NA,"4:38341025-38343059",NA,NA,NA,0.979298,0.0526593449614554,1.70372e-77,0.000999001,3.38897e-48,3.38897e-47,3.38897e-47,"Not_calculated._Throws_an_error_when_p-value_is_infinite_or_NA._NEED_FIXING"
"2","cg03267342","rs76747039",9,110453984,"A","G",0.218512,628.877536,0.218510701876303,0.216087,0.984697,"imputed",1439,-201783,"-",9,110252200,"II","KLF4","NM_004235","TSS200","Island",NA,NA,NA,"9:109291513-109292615","9:110251887-110252763","Unclassified",NA,0.108337,0.0267570559925024,2.5728e-05,0.014985,0.0142344,0.0427032,0.0427032,"Not_calculated._Throws_an_error_when_p-value_is_infinite_or_NA._NEED_FIXING"
"3","cg15448445","rs11113813",12,108710286,"C","G",0.368015,1059.14717,0.631978109798471,0.364196,0.983101,"imputed",1439,-23023,"+",12,108733308,"I","CMKLR1","NM_001142344;NM_001142343;NM_004072","TSS1500",NA,NA,NA,TRUE,NA,NA,NA,NA,-0.202058,0.0321772628566352,1.69802e-10,0.000999001,5.21839e-07,6.783907e-06,6.783907e-06,"Not_calculated._Throws_an_error_when_p-value_is_infinite_or_NA._NEED_FIXING"
"4","cg08110272","rs10861891",12,108710323,"C","A",0.33921,976.24638,0.660784225156359,0.0392288,0.990258,"imputed",1439,-22999,"+",12,108733321,"I","CMKLR1","NM_001142344;NM_001142343;NM_004072","TSS1500",NA,NA,NA,TRUE,NA,NA,NA,NA,-0.306655,0.0523274241573509,2.31e-09,0.000999001,3.64153e-06,4.733989e-05,2.3669945e-05,"Not_calculated._Throws_an_error_when_p-value_is_infinite_or_NA._NEED_FIXING"
"5","cg03612522","rs4403843",12,108707829,"A","G",0.337607,971.632946,0.662377345378735,0.0389722,0.968465,"imputed",1439,25433,"-",12,108733261,"I","CMKLR1","NM_001142344;NM_004072;NM_001142343","TSS200",NA,NA,NA,TRUE,NA,NA,NA,NA,-0.101547,0.0176779102398875,4.61544e-09,0.000999001,1.1397e-05,0.000148161,4.9387e-05,"Not_calculated._Throws_an_error_when_p-value_is_infinite_or_NA._NEED_FIXING"
"6","cg07919167","rs10861891",12,108710323,"C","A",0.33921,976.24638,0.660784225156359,0.0392288,0.990258,"imputed",1439,-4532,"+",12,108714854,"II","CMKLR1","NM_001142345;NM_001142343;NM_004072;NM_001142344","TSS1500;5'UTR",NA,NA,NA,TRUE,NA,NA,NA,NA,-0.0921326,0.0194136784639049,1.03864e-06,0.000999001,0.000530376,0.006894888,0.001723722,"Not_calculated._Throws_an_error_when_p-value_is_infinite_or_NA._NEED_FIXING"
"7","cg03408433","rs11113813",12,108710286,"C","G",0.368015,1059.14717,0.631978109798471,0.364196,0.983101,"imputed",1439,-23085,"+",12,108733370,"II","CMKLR1","NM_001142344;NM_001142343;NM_004072","TSS1500",NA,NA,NA,TRUE,NA,NA,NA,NA,-0.174349,0.0379346769264754,2.15306e-06,0.000999001,0.00121009,0.01573117,0.003146234,"Not_calculated._Throws_an_error_when_p-value_is_infinite_or_NA._NEED_FIXING"
"8","cg25832824","rs11113813",12,108710286,"C","G",0.368015,1059.14717,0.631978109798471,0.364196,0.983101,"imputed",1439,22968,"-",12,108733253,"I","CMKLR1","NM_001142344;NM_004072;NM_001142343","TSS200",NA,NA,NA,TRUE,NA,NA,NA,NA,-0.0761448,0.0169973549777399,3.7356e-06,0.001998,0.00301729,0.03922477,0.00653746166666667,"Not_calculated._Throws_an_error_when_p-value_is_infinite_or_NA._NEED_FIXING"
"9","cg08471037","rs637718",16,57527946,"A","G",0.235561,677.944558,0.764431897150799,0.240815,0.964154,"imputed",1439,-7540,"-",16,57520405,"I","DOK4","NM_018110","TSS200",NA,"high-CpG:56077876-56077946",NA,NA,"16:56077471-56078021","16:57519325-57521053","Promoter_Associated",NA,0.104408,0.0165073614061268,1.26669e-10,0.000999001,4.50201e-07,3.601608e-06,3.601608e-06,"Not_calculated._Throws_an_error_when_p-value_is_infinite_or_NA._NEED_FIXING"
"10","cg07100532","rs7235957",18,717229,"T","C",0.456227,1313.021306,0.543768241834607,0.425285,0.979265,"imputed",1439,4143,"+",18,713085,"II","ENOSF1","NM_202758;NM_001126123;NM_017512","TSS1500","Island",NA,NA,NA,NA,"18:711414-713159","NonGene_Associated",NA,0.793682,0.0543047888998381,1.12145e-48,0.000999001,1.93929e-38,7.75716e-38,7.75716e-38,"Not_calculated._Throws_an_error_when_p-value_is_infinite_or_NA._NEED_FIXING"
"11","cg26147554","rs7235957",18,717229,"T","C",0.456227,1313.021306,0.543768241834607,0.425285,0.979265,"imputed",1439,4495,"+",18,712733,"I","ENOSF1","NM_017512;NM_001126123;NM_202758","TSS200;TSS1500","Island",NA,NA,NA,"18:702233-703072","18:711414-713159","NonGene_Associated",NA,0.752409,0.057630487381788,2.9465e-39,0.000999001,1.13863e-32,4.55452e-32,2.27726e-32,"Not_calculated._Throws_an_error_when_p-value_is_infinite_or_NA._NEED_FIXING"
"12","cg00955482","rs2741188",18,708299,"T","C",0.446472,1284.946416,0.553527797081306,0.630956,0.989344,"imputed",1439,-4439,"+",18,712737,"II","ENOSF1","NM_017512;NM_001126123;NM_202758","TSS200;TSS1500","Island",NA,NA,NA,"18:702233-703072","18:711414-713159","NonGene_Associated",NA,0.261263,0.0241869855293248,1.68759e-27,0.000999001,1.67564e-21,6.70256e-21,2.23418666666667e-21,"Not_calculated._Throws_an_error_when_p-value_is_infinite_or_NA._NEED_FIXING"
"13","cg07283778","rs75588551",18,725330,"A","G",0.121939,350.940442,0.121938151494093,0.901626,0.970314,"imputed",1439,-12534,"-",18,712795,"I","ENOSF1","NM_017512;NM_001126123;NM_202758","TSS200;TSS1500","Island",NA,NA,NA,"18:702233-703072","18:711414-713159","NonGene_Associated",NA,0.167333,0.0219263743226877,1.15942e-14,0.000999001,6.89325e-11,2.7573e-10,6.89325e-11,"Not_calculated._Throws_an_error_when_p-value_is_infinite_or_NA._NEED_FIXING"
"14","cg06456983","rs5750547",22,38546700,"G","A",0.29222,841.00916,0.292211952744962,0.566677,0.8514,"imputed",1439,-122475,"+",22,38669174,"I","TMEM184B","NM_012264","TSS200","Island",NA,NA,NA,"22:36998345-36999207","22:38668054-38669790","Promoter_Associated",NA,0.112863,0.0256438168095239,5.38324e-06,0.003996,0.00211523,0.02538276,0.02538276,"Not_calculated._Throws_an_error_when_p-value_is_infinite_or_NA._NEED_FIXING"
